Workbook

Sheet 在定力矩下測量角加速度
A1: 圈數 | B1: 角位移θ(徑) | C1: 2θ(徑) | D1: 時間(s) | G1: 平均值<t> | H1: t^2
D2: 1 | E2: 2 | F2: 3 | J2: m= | K2: 10 | L2: g
A3: 0.125 | B3: 0.79 | C3: =2*B3 -> 1.58 | D3: 4.66 | E3: 4.88 | F3: 4.66 | G3: =AVERAGE(D3:F3) -> 4.7333333 | H3: =G3^2 -> 22.404444 | J3: r 力臂= | K3: 0.5676 | L3: (cm)
A4: 0.25 | B4: 1.57 | C4: =2*B4 -> 3.14 | D4: 7.18 | E4: 7.09 | F4: 7.22 | G4: =AVERAGE(D4:F4) -> 7.1633333 | H4: =G4^2 -> 51.313344 | J4: α= | K4: 17.053
A5: 0.5 | B5: 3.14 | C5: =2*B5 -> 6.28 | D5: 10.16 | E5: 10.06 | F5: 10.22 | G5: =AVERAGE(D5:F5) -> 10.146667 | H5: =G5^2 -> 102.95484
A6: 0.75 | B6: 4.71 | C6: =2*B6 -> 9.42 | D6: 12.6 | E6: 12.8 | F6: 12.78 | G6: =AVERAGE(D6:F6) -> 12.726667 | H6: =G6^2 -> 161.96804
A7: 1 | B7: 6.28 | C7: =2*B7 -> 12.56 | D7: 14.94 | E7: 14.56 | F7: 14.54 | G7: =AVERAGE(D7:F7) -> 14.68 | H7: =G7^2 -> 215.5024 | J7: 圓盤質量m= | K7: 1000 | L7: g
A8: 1.5 | B8: 9.43 | C8: =2*B8 -> 18.86 | D8: 18.2 | E8: 18.31 | F8: 18.2 | G8: =AVERAGE(D8:F8) -> 18.236667 | H8: =G8^2 -> 332.57601 | J8: I 圓盤= | K8: =0.5*K7*15*15 -> 112500 | L8: g*cm^2
A9: 2 | B9: 12.57 | C9: =2*B9 -> 25.14 | D9: 20.3 | E9: 20.59 | F9: 20.37 | G9: =AVERAGE(D9:F9) -> 20.42 | H9: =G9^2 -> 416.9764 | J9: I 支架(α)= | K9: =K7*9810*K3/K4-K8 -> 214020.61 | L9: g*cm^2
J10: I 支架(a)= | K10: =(K7*9810-K7*K3*K4)*K3/K4-K8 -> 213698.44
J11: 修正了 | K11: =ABS(K10-K9)/K10 -> 0.0015075906

Sheet 驗證角加速度與外加力矩成正比
A1: 圈數 | B1: 角位移θ(徑) | C1: 10 | E1: 20 | G1: 30 | I1: 40 | K1: 力矩(g)
A2: 1 | B2: 2π | C2: 時間(s) | D2: 平均 | E2: 時間(s) | F2: 平均 | G2: 時間(s) | H2: 平均 | I2: 時間(s) | J2: 平均
C3: 14.94 | D3: =(C3+C4+C5)/3 -> 14.68 | E3: 10.91 | F3: =(E3+E4+E5)/3 -> 10.866667 | G3: 8.68 | H3: =(G3+G4+G5)/3 -> 8.8166667 | I3: 7.66 | J3: =(I3+I4+I5)/3 -> 7.6466667
C4: 14.56 | E4: 10.94 | G4: 8.87 | I4: 7.5 | L4: I 支架= | M4: 213698 | N4: g*cm^2
C5: 14.54 | E5: 10.75 | G5: 8.9 | I5: 7.78
A6: 角加速度2θ/t^2 | C6: =2*6.28/D3/D3 -> 0.058282414 | E6: =6.28*2/F3/F3 -> 0.10636456 | G6: =2*6.28/H3/H3 -> 0.16157747 | I6: =2*6.28/J3/J3 -> 0.21480546

Sheet 分析角加速度與轉動體質量之關係
B2: 轉動體 | C2: 圈數 | D2: 轉動慣量g*cm^2 | E2: 時間(s) | H2: 平均時間(s) | I2: 角加速度2θ/t^2 | J2: 百分誤差
B3: 圓盤 | C3: 1 (2π) | D3: =0.5*C11*C12*C12+G7 -> 326198 | E3: 8.68 | F3: 8.87 | G3: 8.9 | H3: =AVERAGE(E3:G3) -> 8.8166667 | I3: =6.28*2/H3/H3 -> 0.16157747 | J3: =ABS($C$9-D3*I3)/D3*I3 -> 0.056635891
B4: 圓盤+園環 | D4: =D3+0.5*C7*(15*15+12*12) -> 331733 | E4: 13.88 | F4: 13.91 | G4: 13.88 | H4: =AVERAGE(E4:G4) -> 13.89 | I4: =6.28*2/H4/H4 -> 0.065100623 | J4: =ABS($C$9-D4*I4)/D4*I4 -> 0.028543431
B5: 兩個圓盤 | D5: =2*D3-G7 -> 438698 | E5: 12.12 | F5: 12.34 | G5: 12.19 | H5: =AVERAGE(E5:G5) -> 12.216667 | I5: =6.28*2/H5/H5 -> 0.084155827 | J5: =ABS($C$9-D5*I5)/D5*I5 -> 0.024962126
B7: m= | C7: 30 | D7: g | F7: I支架= | G7: 213698 | H7: g*cm^2
B8: r 力臂= | C8: 0.5676 | D8: (cm)
B9: 力矩= | C9: =C7*9810*C8 -> 167044.68 | D9: g*cm^2
B11: 圓盤質量= | C11: 1000 | D11: g
B12: 圓盤半徑= | C12: 15 | D12: cm
B13: 圓環質量= | C13: 1000 | D13: g
B14: 圓還半徑= | C14: (12,15) | D14: cm

Sheet 驗證平行軸定理
A1: 轉動體 | B1: 圈數 | C1: 轉動慣量g*cm^2 | D1: 時間(s) | G1: 平均時間 | H1: 角加速度2θ/t^2
A2: 圓盤+兩個1kg圓柱(d/2) | B2: 1 (2π) | C2: =B13 -> 446260.5 | D2: 12.28 | E2: 12.5 | F2: 12.53 | G2: =AVERAGE(D2:F2) -> 12.436667 | H2: =2*6.28/G2/G2 -> 0.081204791
A3: 圓盤+兩個1/4kg圓柱(d) | C3: =B14 -> 439260.5 | D3: 12.39 | E3: 12.35 | F3: 12.47 | G3: =AVERAGE(D3:F3) -> 12.403333 | H3: =2*6.28/G3/G3 -> 0.081641845
B8: I'=I+I支架
A9: 轉動體 | B9: I' | C9: I'α | D9: τ/I'α | H9: 圓盤質量= | I9: 1000 | J9: g
A10: 圓盤 | B10: =112500+I11 -> 326198 | C10: =B10*分析角加速度與轉動體質量之關係!I3 -> 52706.247 | D10: =$I$13/C10 -> 3.1693526 | E10: (from前面實驗) | H10: m= | I10: 30 | J10: g
A11: 圓盤+圓環 | B11: =分析角加速度與轉動體質量之關係!D4 -> 331733 | C11: =B11*分析角加速度與轉動體質量之關係!I4 -> 21596.025 | D11: =$I$13/C11 -> 7.7349734 | H11: I支架= | I11: 213698 | J11: g*cm^2
A12: 兩個圓盤 | B12: =分析角加速度與轉動體質量之關係!D5 -> 438698 | C12: =B12*分析角加速度與轉動體質量之關係!I5 -> 36918.993 | D12: =$I$13/C12 -> 4.5246272 | H12: 力臂 r= | I12: 0.5676 | J12: cm
A13: 圓盤+兩個1kg圓柱(d/2) | B13: =112500+I11+2*(0.5*1000*(11/4)*(11/4)+1000*7.5*7.5) -> 446260.5 | C13: =B13*H2 -> 36238.49 | D13: =$I$13/C13 -> 4.6095927 | H13: τ=rmg= | I13: =I10*I12*9810 -> 167044.68 | J13: cm*dyne
A14: 圓盤+兩個1/4kg圓柱(d) | B14: =112500+I11+2*(0.5*250*(3/2)*(3/2)+(250*15*15)) -> 439260.5 | C14: =B14*H3 -> 35862.038 | D14: =$I$13/C14 -> 4.6579807
